Alloy,Series,Al,Cu,Mg,Si,Zn,Mn,Fe,Cr,Ti,Ag,Li,Ni,V,Zr
2014,2xxx,92.725,4.45,0.5,0.85,0.125,0.8,0.35,0.05,0.075,0.0,0.0,0.0,0.0,0.0
2017,2xxx,93.525,4.0,0.6,0.5,0.125,0.7,0.35,0.05,0.075,0.0,0.0,0.0,0.0,0.0
2024,2xxx,92.725,4.35,1.5,0.25,0.125,0.6,0.25,0.05,0.075,0.0,0.0,0.0,0.0,0.0
2050,2xxx,93.71,3.55,0.4,0.04,0.125,0.35,0.05,0.025,0.05,0.45,1.0,0.025,0.025,0.1
2139,2xxx,93.275,5.0,0.5,0.05,0.125,0.4,0.075,0.025,0.075,0.375,0.0,0.0,0.025,0.0
2195,2xxx,93.42,4.0,0.525,0.06,0.125,0.125,0.075,0.0,0.05,0.425,1.0,0.0,0.0,0.12
2198,2xxx,94.25,3.2,0.525,0.04,0.175,0.25,0.05,0.025,0.05,0.3,0.95,0.0,0.0,0.11
2219,2xxx,92.68,6.3,0.01,0.1,0.05,0.3,0.15,0.0,0.06,0.0,0.0,0.0,0.1,0.175
2524,2xxx,93.46,4.25,1.4,0.03,0.075,0.575,0.06,0.025,0.05,0.0,0.0,0.0,0.0,0.0
5052,5xxx,96.7,0.05,2.5,0.125,0.05,0.05,0.2,0.25,0.0,0.0,0.0,0.0,0.0,0.0
5056,5xxx,94.175,0.05,5.05,0.15,0.05,0.125,0.2,0.125,0.0,0.0,0.0,0.0,0.0,0.0
5083,5xxx,93.975,0.05,4.45,0.2,0.125,0.7,0.2,0.15,0.075,0.0,0.0,0.0,0.0,0.0
5086,5xxx,94.625,0.05,4.0,0.2,0.125,0.45,0.25,0.15,0.075,0.0,0.0,0.0,0.0,0.0
5182,5xxx,94.5,0.075,4.5,0.1,0.125,0.35,0.175,0.05,0.05,0.0,0.0,0.0,0.0,0.0
5556,5xxx,93.325,0.05,5.1,0.125,0.125,0.75,0.2,0.125,0.125,0.0,0.0,0.0,0.0,0.0
5754,5xxx,95.45,0.05,3.1,0.2,0.1,0.425,0.2,0.325,0.075,0.0,0.0,0.0,0.0,0.0
6005,6xxx,98.25,0.05,0.5,0.75,0.05,0.05,0.175,0.05,0.05,0.0,0.0,0.0,0.0,0.0
6061,6xxx,97.23,0.275,1.0,0.6,0.125,0.075,0.35,0.195,0.075,0.0,0.0,0.0,0.0,0.0
6063,6xxx,98.425,0.05,0.675,0.4,0.05,0.05,0.175,0.05,0.05,0.0,0.0,0.0,0.0,0.0
6082,6xxx,96.75,0.05,0.9,1.0,0.1,0.7,0.25,0.125,0.05,0.0,0.0,0.0,0.0,0.0
6181,6xxx,97.575,0.05,0.8,1.0,0.1,0.075,0.225,0.05,0.05,0.0,0.0,0.0,0.0,0.0
6201,6xxx,98.09,0.05,0.75,0.7,0.05,0.015,0.25,0.015,0.0,0.0,0.0,0.0,0.0,0.0
7010,7xxx,89.23,1.75,2.35,0.06,6.2,0.05,0.075,0.025,0.03,0.0,0.0,0.025,0.0,0.13
7017,7xxx,91.5,0.1,2.5,0.175,4.6,0.3125,0.225,0.2125,0.075,0.0,0.0,0.05,0.0,0.175
7020,7xxx,92.945,0.1,1.2,0.175,4.5,0.275,0.2,0.225,0.0825,0.0,0.0,0.0,0.0,0.2225
7039,7xxx,92.225,0.05,2.8,0.15,4.0,0.25,0.2,0.2,0.05,0.0,0.0,0.0,0.0,0.0
7050,7xxx,88.825,2.3,2.25,0.06,6.2,0.05,0.075,0.02,0.03,0.0,0.0,0.0,0.0,0.115
7055,7xxx,87.21,2.3,2.05,0.05,8.0,0.025,0.075,0.02,0.03,0.0,0.0,0.0,0.0,0.165
7075,7xxx,89.295,1.6,2.5,0.2,5.6,0.15,0.25,0.23,0.1,0.0,0.0,0.0,0.0,0.0
7150,7xxx,88.625,2.2,2.35,0.06,6.4,0.05,0.075,0.02,0.03,0.0,0.0,0.0,0.0,0.115
7175,7xxx,89.72,1.6,2.5,0.075,5.6,0.05,0.1,0.23,0.05,0.0,0.0,0.0,0.0,0.0
7449,7xxx,87.465,1.75,2.25,0.06,8.1,0.1,0.075,0.0,0.0625,0.0,0.0,0.0,0.0,0.0625
7475,7xxx,90.04,1.55,2.25,0.05,5.7,0.03,0.06,0.215,0.03,0.0,0.0,0.0,0.0,0.0
