Alloy,Temper_Group,UTS_MPa_count,UTS_MPa_min,UTS_MPa_max,YS_MPa_count,YS_MPa_min,YS_MPa_max
2014,Unknown,3,469.0,650.0,3,410.0,440.0
2017,T3_T4,1,428.1,428.1,1,319.2,319.2
2024,T3_T4,15,400.0,595.0,11,285.0,377.0
2024,T6,3,449.0,476.0,1,393.0,393.0
2024,T8x,1,485.0,485.0,1,450.0,450.0
2024,Unknown,13,185.0,532.0,12,75.0,510.0
2050,T3_T4,1,560.0,560.0,1,540.0,540.0
2139,T8x,1,493.0,493.0,1,480.0,480.0
2195,T6,1,612.0,612.0,1,556.0,556.0
2195,T8x,11,521.0,650.0,5,500.0,600.0
2195,Unknown,11,247.0,634.0,11,157.0,557.0
2198,T8x,3,436.0,510.0,3,394.0,469.0
2219,O,3,159.0,170.0,3,75.0,114.0
2219,T6,13,295.5,432.0,10,274.49,340.0
2219,T8x,5,364.5,456.0,5,209.0,365.0
2219,Unknown,10,265.0,470.0,10,112.0,390.0
2524,T3_T4,8,434.0,512.0,8,306.0,378.0
2524,Unknown,1,464.0,464.0,1,319.0,319.0
5052,H,2,225.0,270.0,1,255.0,255.0
5052,O,3,193.0,217.3,3,90.0,102.1
5052,Unknown,4,195.0,234.18,4,90.0,211.5
5056,Unknown,1,340.0,340.0,0,,
5083,H,10,254.0,385.0,8,161.0,286.0
5083,Unknown,27,138.0,521.0,22,125.0,375.0
5086,H,1,325.0,325.0,1,255.0,255.0
5086,Unknown,1,260.0,260.0,1,115.0,115.0
5182,Unknown,2,236.0,510.0,2,103.0,340.0
5556,Unknown,5,264.0,317.0,5,174.0,224.0
5754,Unknown,3,230.0,240.0,2,80.0,85.0
6005,T6,3,280.0,285.0,3,253.0,260.0
6061,T3_T4,1,300.0,300.0,0,,
6061,T6,17,255.0,381.1,10,220.0,349.2
6061,Unknown,18,144.0,472.0,17,50.0,439.0
6063,T3_T4,1,150.0,150.0,1,90.0,90.0
6063,T6,2,185.0,220.0,2,150.0,170.0
6063,T_other,1,187.0,187.0,0,,
6063,Unknown,4,164.0,259.0,3,67.0,220.0
6082,T6,2,315.0,334.0,2,280.0,289.0
6082,Unknown,8,140.0,340.0,8,87.0,260.0
6181,T3_T4,1,259.0,259.0,1,127.0,127.0
6201,Unknown,2,359.0,368.0,0,,
7010,T6,2,524.5,556.5,2,478.0,480.0
7010,T7x,5,490.0,530.0,1,425.0,425.0
7010,Unknown,2,566.0,588.0,2,500.0,537.0
7017,T3_T4,1,435.0,435.0,1,274.0,274.0
7017,T6,1,469.0,469.0,1,402.0,402.0
7017,Unknown,1,455.0,455.0,1,408.0,408.0
7020,T6,5,372.0,408.0,1,285.0,285.0
7020,Unknown,1,385.0,385.0,1,326.0,326.0
7039,T6,1,414.0,414.0,1,328.0,328.0
7039,Unknown,2,414.0,460.0,2,328.0,400.0
7050,Other,6,614.0,636.0,2,585.0,600.0
7050,T6,7,588.0,626.0,3,512.0,546.0
7050,T7x,26,469.0,540.0,14,400.0,475.0
7050,Unknown,6,497.0,590.0,0,,
7055,T6,1,667.0,667.0,1,608.0,608.0
7055,Unknown,9,375.0,679.0,9,325.0,611.0
7075,O,5,212.0,218.0,5,108.0,112.0
7075,T3_T4,1,564.0,564.0,1,402.0,402.0
7075,T6,30,450.0,659.0,25,325.0,613.0
7075,T7x,3,498.0,536.0,3,390.0,435.0
7075,Unknown,16,347.5,631.0,11,251.0,583.0
7075,W,1,635.0,635.0,1,584.0,584.0
7150,T3_T4,1,447.0,447.0,1,385.0,385.0
7150,T6,4,574.0,660.0,3,530.0,602.0
7150,T7x,8,477.0,659.0,3,446.0,582.0
7175,T7x,1,554.0,554.0,1,499.0,499.0
7175,Unknown,5,507.0,557.0,5,456.0,491.0
7449,T7x,2,481.0,622.0,2,404.0,591.0
7449,Unknown,2,487.0,630.0,2,409.0,607.0
7475,T7x,4,468.0,497.67,4,405.76,430.0
7475,Unknown,4,290.0,382.0,0,,
